"","CVE_ENT","POB_TOT","HOMBRES","MUJERES","ANO","ENTIDAD","MODALIDAD","TIPO","SUBTIPO","TOTAL_ANUAL","tasa"
"1","01",1184996,576638,608358,2015,"AGUASCALIENTES","ROBO COMUN","SIN VIOLENCIA","A CASA HABITACION",2494,210.464845450955
"2","02",3155070,1591610,1563460,2015,"BAJA CALIFORNIA","ROBO COMUN","SIN VIOLENCIA","A CASA HABITACION",12225,387.471593340243
"3","03",637026,325433,311593,2015,"BAJA CALIFORNIA SUR","ROBO COMUN","SIN VIOLENCIA","A CASA HABITACION",2462,386.483440236348
"4","04",822441,407721,414720,2015,"CAMPECHE","ROBO COMUN","SIN VIOLENCIA","A CASA HABITACION",119,14.4691230130794
"5","05",2748391,1364197,1384194,2015,"COAHUILA","ROBO COMUN","SIN VIOLENCIA","A CASA HABITACION",3741,136.116003872811
"6","06",650555,322790,327765,2015,"COLIMA","ROBO COMUN","SIN VIOLENCIA","A CASA HABITACION",1063,163.398943978603
"7","07",4796580,2352807,2443773,2015,"CHIAPAS","ROBO COMUN","SIN VIOLENCIA","A CASA HABITACION",378,7.88061493814343
"8","08",3406465,1692545,1713920,2015,"CHIHUAHUA","ROBO COMUN","SIN VIOLENCIA","A CASA HABITACION",2929,85.9835636062604
"9","09",8851080,4233783,4617297,2015,"CIUDAD DE MEXICO","ROBO COMUN","SIN VIOLENCIA","A CASA HABITACION",5023,56.750136706481
"10","10",1632934,803890,829044,2015,"DURANGO","ROBO COMUN","SIN VIOLENCIA","A CASA HABITACION",2581,158.059051988629
"11","11",5486372,2639425,2846947,2015,"GUANAJUATO","ROBO COMUN","SIN VIOLENCIA","A CASA HABITACION",4230,77.1001310155418
"12","12",3388768,1645561,1743207,2015,"GUERRERO","ROBO COMUN","SIN VIOLENCIA","A CASA HABITACION",559,16.4956704029311
"13","13",2665018,1285222,1379796,2015,"HIDALGO","ROBO COMUN","SIN VIOLENCIA","A CASA HABITACION",1970,73.9207014736861
"14","14",7350682,3600641,3750041,2015,"JALISCO","ROBO COMUN","SIN VIOLENCIA","A CASA HABITACION",4432,60.2937251264577
"15","15",15175862,7396986,7778876,2015,"MEXICO","ROBO COMUN","SIN VIOLENCIA","A CASA HABITACION",4491,29.5930471692481
"16","16",4351037,2102109,2248928,2015,"MICHOACAN","ROBO COMUN","SIN VIOLENCIA","A CASA HABITACION",1736,39.8985345332618
"17","17",1777227,858588,918639,2015,"MORELOS","ROBO COMUN","SIN VIOLENCIA","A CASA HABITACION",2253,126.770525093305
"18","18",1084979,541007,543972,2015,"NAYARIT","ROBO COMUN","SIN VIOLENCIA","A CASA HABITACION",352,32.4430242428655
"19","19",4653458,2320185,2333273,2015,"NUEVO LEON","ROBO COMUN","SIN VIOLENCIA","A CASA HABITACION",2664,57.2477499528308
"20","20",3801962,1819008,1982954,2015,"OAXACA","ROBO COMUN","SIN VIOLENCIA","A CASA HABITACION",1077,28.3274793382995
"21","21",5779829,2769855,3009974,2015,"PUEBLA","ROBO COMUN","SIN VIOLENCIA","A CASA HABITACION",2263,39.1534074797023
"22","22",1827937,887188,940749,2015,"QUERETARO","ROBO COMUN","SIN VIOLENCIA","A CASA HABITACION",2314,126.590796072294
"23","23",1325578,673220,652358,2015,"QUINTANA ROO","ROBO COMUN","SIN VIOLENCIA","A CASA HABITACION",3104,234.162003292149
"24","24",2585518,1260366,1325152,2015,"SAN LUIS POTOSI","ROBO COMUN","SIN VIOLENCIA","A CASA HABITACION",554,21.4270409256482
"25","25",2767761,1376201,1391560,2015,"SINALOA","ROBO COMUN","SIN VIOLENCIA","A CASA HABITACION",517,18.6793585139757
"26","26",2662480,1339612,1322868,2015,"SONORA","ROBO COMUN","SIN VIOLENCIA","A CASA HABITACION",796,29.896938192963
"27","27",2238603,1100758,1137845,2015,"TABASCO","ROBO COMUN","SIN VIOLENCIA","A CASA HABITACION",2576,115.071765739615
"28","28",3268554,1616201,1652353,2015,"TAMAULIPAS","ROBO COMUN","SIN VIOLENCIA","A CASA HABITACION",3392,103.776777131417
"29","29",1169936,565775,604161,2015,"TLAXCALA","ROBO COMUN","SIN VIOLENCIA","A CASA HABITACION",1067,91.2015700004103
"30","30",7643194,3695679,3947515,2015,"VERACRUZ","ROBO COMUN","SIN VIOLENCIA","A CASA HABITACION",2229,29.1632006200549
"31","31",1955577,963333,992244,2015,"YUCATAN","ROBO COMUN","SIN VIOLENCIA","A CASA HABITACION",2537,129.731531921269
"32","32",1490668,726897,763771,2015,"ZACATECAS","ROBO COMUN","SIN VIOLENCIA","A CASA HABITACION",606,40.652915337285
